{
  "contactos pagina" : {
    "transaction" : "contactos pagina",
    "sampleCount" : 436,
    "errorCount" : 0,
    "errorPct" : 0.0,
    "meanResTime" : 83.43119266055047,
    "medianResTime" : 90.5,
    "minResTime" : 9.0,
    "maxResTime" : 181.0,
    "pct1ResTime" : 140.0,
    "pct2ResTime" : 177.0,
    "pct3ResTime" : 180.0,
    "throughput" : 113.09987029831387,
    "receivedKBytesPerSec" : 183.12459468223088,
    "sentKBytesPerSec" : 31.80933852140078
  },
  "Total" : {
    "transaction" : "Total",
    "sampleCount" : 2897,
    "errorCount" : 0,
    "errorPct" : 0.0,
    "meanResTime" : 894.2219537452553,
    "medianResTime" : 111.0,
    "minResTime" : 8.0,
    "maxResTime" : 3634.0,
    "pct1ResTime" : 3076.4000000000005,
    "pct2ResTime" : 3316.4999999999986,
    "pct3ResTime" : 3585.04,
    "throughput" : 422.7345688019845,
    "receivedKBytesPerSec" : 25323.41318925106,
    "sentKBytesPerSec" : 145.20513940062747
  },
  "api contactos" : {
    "transaction" : "api contactos",
    "sampleCount" : 1281,
    "errorCount" : 0,
    "errorPct" : 0.0,
    "meanResTime" : 1929.252927400468,
    "medianResTime" : 2320.0,
    "minResTime" : 13.0,
    "maxResTime" : 3634.0,
    "pct1ResTime" : 3366.2,
    "pct2ResTime" : 3514.0,
    "pct3ResTime" : 3613.1800000000003,
    "throughput" : 186.92543411644536,
    "receivedKBytesPerSec" : 23745.189008235444,
    "sentKBytesPerSec" : 33.405619573544435
  },
  "contactos" : {
    "transaction" : "contactos",
    "sampleCount" : 488,
    "errorCount" : 0,
    "errorPct" : 0.0,
    "meanResTime" : 71.92213114754102,
    "medianResTime" : 63.0,
    "minResTime" : 8.0,
    "maxResTime" : 181.0,
    "pct1ResTime" : 129.10000000000002,
    "pct2ResTime" : 145.0,
    "pct3ResTime" : 176.11,
    "throughput" : 115.74952561669829,
    "receivedKBytesPerSec" : 2277.914492409867,
    "sentKBytesPerSec" : 20.23355965370019
  },
  "contactos get one" : {
    "transaction" : "contactos get one",
    "sampleCount" : 374,
    "errorCount" : 0,
    "errorPct" : 0.0,
    "meanResTime" : 75.43850267379672,
    "medianResTime" : 70.5,
    "minResTime" : 9.0,
    "maxResTime" : 180.0,
    "pct1ResTime" : 137.5,
    "pct2ResTime" : 140.0,
    "pct3ResTime" : 173.75,
    "throughput" : 106.82662096543845,
    "receivedKBytesPerSec" : 131.0295272779206,
    "sentKBytesPerSec" : 19.299731326763784
  },
  "contactos update" : {
    "transaction" : "contactos update",
    "sampleCount" : 318,
    "errorCount" : 0,
    "errorPct" : 0.0,
    "meanResTime" : 61.32075471698111,
    "medianResTime" : 56.0,
    "minResTime" : 8.0,
    "maxResTime" : 135.0,
    "pct1ResTime" : 107.0,
    "pct2ResTime" : 122.05000000000001,
    "pct3ResTime" : 127.0,
    "throughput" : 102.61374636979671,
    "receivedKBytesPerSec" : 15.231727976766697,
    "sentKBytesPerSec" : 158.32980396902227
  }
}